ano_mes,estado,product_category,qtd_transacoes,valor_total,taxas_totais,cashback_total,receita_liquida_total,pontos_totais,usuarios_unicos
2025-03,Ba,Eletrônicos,17,10626.88,133.72,115.11,10608.27,3709.0,17
2025-03,Ba,Farmácia,26,2353.26,28.98,14.89,2339.17,868.0,23
2025-03,Ba,Restaurantes,22,2292.66,25.62,44.44,2311.48,1602.0,21
2025-03,Ba,Roupas,17,2536.29,29.35,29.11,2536.05,841.0,16
2025-03,Ba,Serviços Públicos,40,4867.05,64.12,64.08,4867.01,3177.0,37
2025-03,Ba,Streaming,33,1127.17,14.35,10.52,1123.34,360.0,32
2025-03,Ba,Supermercado,23,4583.03,55.68,58.15,4585.5,2633.0,22
2025-03,Ba,Telefonia,35,2134.32,27.830000000000002,23.15,2129.64,1109.0,33
2025-03,Bahia,Eletrônicos,24,16190.18,229.28,245.18,16206.08,8743.0,23
2025-03,Bahia,Farmácia,27,2348.65,29.93,24.83,2343.55,1003.0,24
2025-03,Bahia,Restaurantes,23,2463.7200000000003,33.96,32.56,2462.32,1536.0,23
2025-03,Bahia,Roupas,21,2985.59,34.51,42.94,2994.02,1712.0,20
2025-03,Bahia,Serviços Públicos,29,3498.21,45.56,32.1,3484.75,1791.0,27
2025-03,Bahia,Streaming,24,831.6,9.89,10.03,831.74,308.0,22
2025-03,Bahia,Supermercado,25,5054.1,56.94,49.06,5046.22,2198.0,25
2025-03,Bahia,Telefonia,32,1844.6100000000001,21.91,24.23,1846.93,761.0,30
2025-03,Ce,Eletrônicos,22,14441.5,192.92,205.58,14454.16,6210.0,22
2025-03,Ce,Farmácia,30,2433.49,34.28,26.16,2425.37,1094.0,29
2025-03,Ce,Restaurantes,17,1866.77,21.02,27.65,1873.3999999999999,1156.0,16
2025-03,Ce,Roupas,25,4093.5699999999997,52.41,42.01,4083.17,2465.0,24
2025-03,Ce,Serviços Públicos,40,4522.76,50.76,61.0,4533.0,2030.0,36
2025-03,Ce,Streaming,40,1448.39,16.57,15.44,1447.26,715.0,40
2025-03,Ce,Supermercado,27,4955.87,63.34,89.95,4982.48,4225.0,25
2025-03,Ce,Telefonia,34,2093.26,25.34,22.56,2090.48,695.0,32
2025-03,Ceará,Eletrônicos,30,20432.55,263.27,163.03,20332.31,7096.0,29
2025-03,Ceará,Farmácia,35,2630.14,32.269999999999996,28.04,2625.91,1313.0,31
2025-03,Ceará,Restaurantes,20,2084.04,27.16,30.81,2087.69,795.0,18
2025-03,Ceará,Roupas,30,4425.92,49.12,51.16,4427.96,2361.0,27
2025-03,Ceará,Serviços Públicos,29,3431.97,39.21,44.150000000000006,3436.91,2056.0,27
2025-03,Ceará,Streaming,33,1169.57,13.56,12.69,1168.7,500.0,30
2025-03,Ceará,Supermercado,25,4830.23,61.15,75.35,4844.43,2452.0,24
2025-03,Ceará,Telefonia,32,1986.62,24.7,15.41,1977.33,651.0,31
2025-03,Df,Eletrônicos,20,13000.89,167.57,191.29000000000002,13024.61,7767.0,19
2025-03,Df,Farmácia,26,2188.36,26.36,31.86,2193.86,1279.0,26
2025-03,Df,Restaurantes,16,1252.8899999999999,17.81,17.95,1253.03,814.0,16
2025-03,Df,Roupas,21,2940.83,42.63,41.58,2939.7799999999997,1619.0,19
2025-03,Df,Serviços Públicos,27,3386.86,41.93,27.16,3372.09,1199.0,27
2025-03,Df,Streaming,29,991.71,13.56,10.67,988.8199999999999,476.0,28
2025-03,Df,Supermercado,14,2545.21,34.04,16.3,2527.4700000000003,598.0,14
2025-03,Df,Telefonia,34,2123.52,26.87,23.75,2120.4,1063.0,31
2025-03,Distrito Federal,Eletrônicos,19,12742.32,171.21,214.66,12785.77,10754.0,18
2025-03,Distrito Federal,Farmácia,35,2950.41,37.98,52.519999999999996,2964.9500000000003,2057.0,33
2025-03,Distrito Federal,Restaurantes,27,3017.01,39.99,37.480000000000004,3014.5,1602.0,26
2025-03,Distrito Federal,Roupas,34,4644.76,52.1,92.37,4685.03,3147.0,32
2025-03,Distrito Federal,Serviços Públicos,40,5051.58,67.84,66.91,5050.65,2944.0,38
2025-03,Distrito Federal,Streaming,35,1232.74,13.59,17.56,1236.71,751.0,33
2025-03,Distrito Federal,Supermercado,21,4871.55,61.25,37.09,4847.39,1469.0,18
2025-03,Distrito Federal,Telefonia,28,1678.82,20.31,15.65,1674.16,800.0,26
2025-03,Mg,Eletrônicos,26,14054.86,172.69,158.61,14040.78,6828.0,26
2025-03,Mg,Farmácia,22,2063.63,26.560000000000002,20.37,2057.44,920.0,21
2025-03,Mg,Restaurantes,21,2017.53,21.830000000000002,15.71,2011.41,652.0,18
2025-03,Mg,Roupas,24,3824.64,53.13,35.28,3806.79,1503.0,24
2025-03,Mg,Serviços Públicos,29,3759.64,45.84,39.42,3753.2200000000003,1106.0,28
2025-03,Mg,Streaming,27,938.02,12.16,9.79,935.65,348.0,25
2025-03,Mg,Supermercado,22,4972.82,66.66,39.22,4945.38,1898.0,21
2025-03,Mg,Telefonia,25,1494.58,18.41,8.58,1484.75,553.0,24
2025-03,Minas Gerais,Eletrônicos,19,11506.21,145.18,103.57,11464.6,6146.0,17
2025-03,Minas Gerais,Farmácia,32,2631.22,28.87,42.97,2645.32,1802.0,29
2025-03,Minas Gerais,Restaurantes,32,3204.4900000000002,42.79,39.89,3201.59,1962.0,30
2025-03,Minas Gerais,Roupas,25,4320.88,59.29,36.74,4298.33,1338.0,23
2025-03,Minas Gerais,Serviços Públicos,28,3143.29,36.45,36.82,3143.66,1481.0,26
2025-03,Minas Gerais,Streaming,21,737.63,8.29,7.17,736.51,315.0,21
2025-03,Minas Gerais,Supermercado,22,4625.16,61.12,65.47,4629.51,2639.0,21
2025-03,Minas Gerais,Telefonia,40,2453.35,29.11,34.0,2458.2400000000002,1292.0,37
2025-03,Paraná,Eletrônicos,21,12235.14,161.26,120.38,12194.26,5159.0,20
2025-03,Paraná,Farmácia,29,2524.89,32.92,46.86,2538.83,1602.0,29
2025-03,Paraná,Restaurantes,25,2656.89,30.69,21.72,2647.92,812.0,23
2025-03,Paraná,Roupas,26,3867.31,48.07,43.45,3862.69,1776.0,26
2025-03,Paraná,Serviços Públicos,35,4185.26,55.7,49.36,4178.92,1752.0,31
2025-03,Paraná,Streaming,40,1395.88,16.19,11.84,1391.53,503.0,35
2025-03,Paraná,Supermercado,25,4993.51,60.660000000000004,71.21000000000001,5004.06,2173.0,24
2025-03,Paraná,Telefonia,32,1938.6,25.89,24.35,1937.06,901.0,31
2025-03,Pe,Eletrônicos,22,13545.03,158.53,173.8,13560.3,7767.0,22
2025-03,Pe,Farmácia,29,2540.67,34.23,27.970000000000002,2534.41,1537.0,29
2025-03,Pe,Restaurantes,24,2138.77,26.62,8.84,2120.99,536.0,21
2025-03,Pe,Roupas,27,3990.44,45.64,49.19,3993.99,1989.0,23
2025-03,Pe,Serviços Públicos,36,4169.2300000000005,50.02,34.67,4153.88,963.0,33
2025-03,Pe,Streaming,33,1169.94,15.39,17.76,1172.31,792.0,31
2025-03,Pe,Supermercado,23,5444.82,66.25,49.29,5427.86,2230.0,23
2025-03,Pe,Telefonia,37,2371.78,32.61,26.919999999999998,2366.09,1356.0,34
2025-03,Pernambuco,Eletrônicos,31,19401.64,254.8,245.07,19391.91,10868.0,29
2025-03,Pernambuco,Farmácia,26,2267.08,27.78,27.29,2266.59,1163.0,26
2025-03,Pernambuco,Restaurantes,33,2929.32,38.45,21.21,2912.08,651.0,33
2025-03,Pernambuco,Roupas,20,3138.1,37.86,54.25,3154.49,2612.0,20
2025-03,Pernambuco,Serviços Públicos,29,3581.85,48.49,22.6,3555.96,1102.0,29
2025-03,Pernambuco,Streaming,31,1067.2,14.64,12.58,1065.1399999999999,495.0,27
2025-03,Pernambuco,Supermercado,24,4212.97,48.519999999999996,50.51,4214.96,2181.0,22
2025-03,Pernambuco,Telefonia,33,1959.75,25.03,25.93,1960.6499999999999,1203.0,31
2025-03,Pr,Eletrônicos,24,13944.67,167.54,237.51,14014.64,11027.0,24
2025-03,Pr,Farmácia,26,2428.73,32.79,24.509999999999998,2420.4500000000003,1084.0,26
2025-03,Pr,Restaurantes,19,2027.12,22.11,16.5,2021.51,684.0,18
2025-03,Pr,Roupas,36,5140.19,64.99,71.79,5146.99,3051.0,31
2025-03,Pr,Serviços Públicos,30,3731.12,51.32,41.05,3720.85,1448.0,29
2025-03,Pr,Streaming,33,1155.61,14.71,17.19,1158.09,653.0,31
2025-03,Pr,Supermercado,25,5083.79,63.55,78.25,5098.49,3758.0,25
2025-03,Pr,Telefonia,32,1912.96,26.2,16.83,1903.59,674.0,27
2025-03,Rio De Janeiro,Eletrônicos,29,16415.44,199.85,208.24,16423.829999999998,6756.0,27
2025-03,Rio De Janeiro,Farmácia,18,1383.81,17.95,14.31,1380.17,578.0,18
2025-03,Rio De Janeiro,Restaurantes,19,1820.15,21.94,39.42,1837.63,1627.0,17
2025-03,Rio De Janeiro,Roupas,19,3109.81,37.01,65.74,3138.54,2497.0,18
2025-03,Rio De Janeiro,Serviços Públicos,28,3346.22,42.4,26.729999999999997,3330.5499999999997,789.0,24
2025-03,Rio De Janeiro,Streaming,33,1169.77,15.92,13.6,1167.45,542.0,29
2025-03,Rio De Janeiro,Supermercado,28,5782.59,72.49,45.18,5755.28,1747.0,27
2025-03,Rio De Janeiro,Telefonia,32,1906.79,25.44,18.189999999999998,1899.54,827.0,32
2025-03,Rio Grande Do Sul,Eletrônicos,29,17791.45,225.13,325.6,17891.920000000002,12741.0,29
2025-03,Rio Grande Do Sul,Farmácia,16,1234.85,14.36,8.14,1228.63,336.0,16
2025-03,Rio Grande Do Sul,Restaurantes,26,2388.35,27.29,50.04,2411.1,1970.0,26
2025-03,Rio Grande Do Sul,Roupas,22,3193.82,45.73,25.48,3173.57,1362.0,20
2025-03,Rio Grande Do Sul,Serviços Públicos,34,4333.14,54.68,67.05,4345.51,2680.0,34
2025-03,Rio Grande Do Sul,Streaming,38,1290.22,16.36,17.15,1291.01,657.0,34
2025-03,Rio Grande Do Sul,Supermercado,22,4966.28,65.09,26.66,4927.85,1184.0,20
2025-03,Rio Grande Do Sul,Telefonia,27,1657.84,21.5,21.75,1658.09,697.0,27
2025-03,Rj,Eletrônicos,31,18774.22,243.11,236.72,18767.83,10400.0,31
2025-03,Rj,Farmácia,27,2547.16,30.509999999999998,27.87,2544.52,1392.0,27
2025-03,Rj,Restaurantes,12,1287.8,11.86,10.98,1286.92,516.0,12
2025-03,Rj,Roupas,33,5108.11,62.84,58.75,5104.02,2410.0,30
2025-03,Rj,Serviços Públicos,41,5148.97,66.19,89.22,5172.0,3439.0,37
2025-03,Rj,Streaming,42,1520.16,18.76,20.0,1521.4,1012.0,41
2025-03,Rj,Supermercado,29,5600.87,65.66,76.33,5611.54,3693.0,28
2025-03,Rj,Telefonia,34,1967.3899999999999,23.82,24.84,1968.41,960.0,31
2025-03,Rs,Eletrônicos,29,17403.66,211.14,237.09,17429.61,8906.0,27
2025-03,Rs,Farmácia,23,1876.86,24.759999999999998,20.93,1873.03,757.0,22
2025-03,Rs,Restaurantes,28,2966.2200000000003,34.84,18.88,2950.26,866.0,26
2025-03,Rs,Roupas,24,3681.1,51.12,50.8,3680.78,1990.0,22
2025-03,Rs,Serviços Públicos,27,3279.78,38.74,31.53,3272.57,1548.0,25
2025-03,Rs,Streaming,26,931.97,10.46,10.16,931.67,371.0,23
2025-03,Rs,Supermercado,31,5795.45,70.81,66.63,5791.2699999999995,3214.0,30
2025-03,Rs,Telefonia,37,2384.12,30.33,25.68,2379.47,1189.0,34
2025-03,Sp,Eletrônicos,30,18139.63,236.02,198.27,18101.88,7684.0,28
2025-03,Sp,Farmácia,27,2378.99,30.33,34.15,2382.81,1435.0,25
2025-03,Sp,Restaurantes,22,2463.93,35.45,14.270000000000001,2442.75,601.0,22
2025-03,Sp,Roupas,16,2347.85,31.51,40.13,2356.4700000000003,1394.0,16
2025-03,Sp,Serviços Públicos,33,3902.34,46.34,61.52,3917.52,2471.0,33
2025-03,Sp,Streaming,40,1416.75,18.07,11.55,1410.23,568.0,36
2025-03,Sp,Supermercado,34,6401.58,86.82,75.66,6390.42,2718.0,32
2025-03,Sp,Telefonia,37,2319.1,28.35,29.32,2320.07,1153.0,34
2025-03,São Paulo,Eletrônicos,20,11951.710000000001,130.04,75.79,11897.460000000001,3868.0,20
2025-03,São Paulo,Farmácia,15,1152.87,11.64,6.78,1148.01,346.0,14
2025-03,São Paulo,Restaurantes,25,2192.23,24.349999999999998,38.09,2205.9700000000003,1296.0,23
2025-03,São Paulo,Roupas,26,4146.41,49.43,30.21,4127.1900000000005,1465.0,25
2025-03,São Paulo,Serviços Públicos,28,3336.46,45.16,41.4,3332.7,1778.0,26
2025-03,São Paulo,Streaming,31,1111.74,12.24,12.45,1111.95,479.0,29
2025-03,São Paulo,Supermercado,19,3830.14,48.96,24.33,3805.5099999999998,941.0,19
2025-03,São Paulo,Telefonia,27,1590.06,21.0,19.59,1588.65,725.0,26
2025-04,Ba,Eletrônicos,257,151528.51,1886.48,1833.42,151475.45,70571.0,161
2025-04,Ba,Farmácia,225,18344.72,232.48,220.82,18333.06,9415.0,148
2025-04,Ba,Restaurantes,229,23272.71,285.83,301.64,23288.52,13053.0,145
2025-04,Ba,Roupas,235,34948.2,448.43,447.17,34946.94,18504.0,155
2025-04,Ba,Serviços Públicos,316,39545.68,481.04,458.12,39522.76,19110.0,174
2025-04,Ba,Streaming,321,11200.41,140.68,116.65,11176.38,4709.0,176
2025-04,Ba,Supermercado,257,51044.57,635.18,610.84,51020.23,25750.0,155
2025-04,Ba,Telefonia,289,17379.91,209.53,218.5,17388.88,8791.0,161
2025-04,Bahia,Eletrônicos,248,147014.57,1759.02,1339.32,146594.87,53018.0,158
2025-04,Bahia,Farmácia,191,14464.31,173.79,165.47,14455.99,6348.0,129
2025-04,Bahia,Restaurantes,215,21932.03,258.34,220.09,21893.78,10153.0,145
2025-04,Bahia,Roupas,207,29946.33,383.54,342.58,29905.37,13733.0,135
2025-04,Bahia,Serviços Públicos,317,36787.26,471.27,456.01,36772.0,17149.0,173
2025-04,Bahia,Streaming,286,10062.29,124.77,134.65,10072.17,5476.0,159
2025-04,Bahia,Supermercado,226,44356.59,568.01,417.64,44206.22,18060.0,140
2025-04,Bahia,Telefonia,326,19421.26,237.42,233.66,19417.5,9109.0,172
2025-04,Ce,Eletrônicos,240,140805.07,1751.57,1475.22,140528.72,65652.0,163
2025-04,Ce,Farmácia,262,20952.25,260.92,293.21,20984.54,11105.0,170
2025-04,Ce,Restaurantes,244,24016.39,294.49,337.17,24059.07,14684.0,168
2025-04,Ce,Roupas,263,39845.28,535.03,505.14,39815.39,20568.0,167
2025-04,Ce,Serviços Públicos,351,41861.52,537.25,507.2,41831.47,20533.0,196
2025-04,Ce,Streaming,356,12554.58,160.32,135.12,12529.38,5802.0,199
2025-04,Ce,Supermercado,224,44402.83,572.48,537.69,44368.04,25754.0,145
2025-04,Ce,Telefonia,365,22118.42,279.01,272.7,22112.11,10913.0,194
2025-04,Ceará,Eletrônicos,276,162270.32,2029.4,2374.34,162615.26,90635.0,172
2025-04,Ceará,Farmácia,267,21764.36,259.52,241.84,21746.68,10687.0,166
2025-04,Ceará,Restaurantes,258,25182.09,305.03,303.38,25180.44,12880.0,164
2025-04,Ceará,Roupas,265,40792.59,514.56,490.53,40768.56,18285.0,164
2025-04,Ceará,Serviços Públicos,368,44406.55,542.5,587.66,44451.71,24399.0,205
2025-04,Ceará,Streaming,331,11628.03,146.55,138.92,11620.4,5591.0,186
2025-04,Ceará,Supermercado,260,54945.56,692.98,684.61,54937.19,31222.0,166
2025-04,Ceará,Telefonia,351,20878.69,261.21,229.28,20846.76,10150.0,196
2025-04,Df,Eletrônicos,239,149168.8,1812.28,1435.41,148791.93,64211.0,145
2025-04,Df,Farmácia,229,18278.7,228.62,202.97,18253.05,8183.0,141
2025-04,Df,Restaurantes,238,24060.82,293.81,323.07,24090.08,12517.0,152
2025-04,Df,Roupas,219,34177.94,414.91,405.2,34168.23,16431.0,137
2025-04,Df,Serviços Públicos,317,36041.95,466.13,419.54,35995.36,16610.0,177
2025-04,Df,Streaming,313,10976.48,136.26,142.41,10982.63,5754.0,167
2025-04,Df,Supermercado,215,41923.81,521.37,473.83,41876.27,20635.0,143
2025-04,Df,Telefonia,332,19873.79,245.68,253.02,19881.13,10786.0,177
2025-04,Distrito Federal,Eletrônicos,254,155169.07,1918.35,1672.74,154923.46,77308.0,166
2025-04,Distrito Federal,Farmácia,230,17287.67,219.88,236.38,17304.17,9923.0,146
2025-04,Distrito Federal,Restaurantes,223,21736.03,273.58,257.78,21720.23,9900.0,153
2025-04,Distrito Federal,Roupas,253,37642.76,486.31,412.13,37568.58,16018.0,167
2025-04,Distrito Federal,Serviços Públicos,368,43332.26,551.82,553.72,43334.16,22747.0,199
2025-04,Distrito Federal,Streaming,354,12337.29,158.15,153.3,12332.44,6501.0,201
2025-04,Distrito Federal,Supermercado,246,52206.12,653.75,669.32,52221.69,28958.0,169
2025-04,Distrito Federal,Telefonia,359,21545.65,270.14,217.29,21492.8,9757.0,197
2025-04,Mg,Eletrônicos,267,160257.75,1998.17,1669.99,159929.57,75148.0,160
2025-04,Mg,Farmácia,257,20673.53,238.8,213.04,20647.77,8627.0,161
2025-04,Mg,Restaurantes,255,26649.51,338.3,302.41,26613.62,13922.0,157
2025-04,Mg,Roupas,251,38072.33,474.08,572.12,38170.37,22912.0,156
2025-04,Mg,Serviços Públicos,335,38708.82,504.15,463.38,38668.05,19234.0,182
2025-04,Mg,Streaming,284,9905.48,123.07000000000001,126.45,9908.86,4877.0,165
2025-04,Mg,Supermercado,228,44893.82,551.88,575.39,44917.33,22637.0,151
2025-04,Mg,Telefonia,313,18317.94,235.63,235.78,18318.09,9325.0,172
2025-04,Minas Gerais,Eletrônicos,257,151276.92,1995.58,1831.75,151113.09,77743.0,164
2025-04,Minas Gerais,Farmácia,246,20635.14,255.15,255.71,20635.7,10707.0,151
2025-04,Minas Gerais,Restaurantes,226,21945.42,276.28,254.82,21923.96,10747.0,147
2025-04,Minas Gerais,Roupas,232,34620.37,440.46999999999997,363.42,34543.32,15920.0,150
2025-04,Minas Gerais,Serviços Públicos,322,38458.87,482.71999999999997,471.49,38447.64,19737.0,179
2025-04,Minas Gerais,Streaming,330,11676.47,146.81,154.29,11683.95,5885.0,181
2025-04,Minas Gerais,Supermercado,224,43693.83,575.45,572.57,43690.95,24989.0,147
2025-04,Minas Gerais,Telefonia,334,20151.02,250.45,260.98,20161.55,9924.0,176
2025-04,Paraná,Eletrônicos,199,115047.47,1404.94,1366.84,115009.37,57068.0,129
2025-04,Paraná,Farmácia,244,20859.98,253.68,218.15,20824.45,10104.0,154
2025-04,Paraná,Restaurantes,212,21602.46,260.36,217.7,21559.8,9631.0,142
2025-04,Paraná,Roupas,221,32529.16,406.65,444.54,32567.05,17628.0,148
2025-04,Paraná,Serviços Públicos,295,35841.0,448.39,438.81,35831.42,17864.0,171
2025-04,Paraná,Streaming,361,12530.75,163.99,149.64,12516.4,6379.0,182
2025-04,Paraná,Supermercado,209,41056.14,507.43,603.88,41152.59,24134.0,138
2025-04,Paraná,Telefonia,325,19411.22,241.53,227.68,19397.37,9971.0,181
2025-04,Pe,Eletrônicos,245,132035.83,1627.11,1563.9,131972.62,69729.0,165
2025-04,Pe,Farmácia,260,20553.67,255.62,287.36,20585.41,11365.0,174
2025-04,Pe,Restaurantes,276,27780.7,350.01,330.44,27761.13,13376.0,182
2025-04,Pe,Roupas,256,38053.36,478.42,406.19,37981.13,16801.0,172
2025-04,Pe,Serviços Públicos,365,44076.25,569.8,524.18,44030.63,21933.0,204
2025-04,Pe,Streaming,355,12327.35,156.48,143.15,12314.02,6027.0,189
2025-04,Pe,Supermercado,257,51405.74,591.7,571.07,51385.11,25305.0,165
2025-04,Pe,Telefonia,399,23459.82,282.4,270.35,23447.77,11371.0,209
2025-04,Pernambuco,Eletrônicos,272,163964.06,2066.5,1844.81,163742.37,80629.0,152
2025-04,Pernambuco,Farmácia,255,20719.92,258.76,241.75,20702.91,10283.0,161
2025-04,Pernambuco,Restaurantes,257,26387.14,338.95,329.12,26377.31,14939.0,152
2025-04,Pernambuco,Roupas,240,36320.09,445.78,413.13,36287.44,17432.0,167
2025-04,Pernambuco,Serviços Públicos,354,43400.84,534.13,553.59,43420.3,23079.0,187
2025-04,Pernambuco,Streaming,303,10571.52,126.33,129.93,10575.12,5051.0,179
2025-04,Pernambuco,Supermercado,229,44651.28,565.06,445.54,44531.76,18274.0,151
2025-04,Pernambuco,Telefonia,316,18860.08,238.15,202.34,18824.27,8303.0,180
2025-04,Pr,Eletrônicos,233,144344.6,1799.27,1893.69,144439.02,84617.0,147
2025-04,Pr,Farmácia,225,17761.45,218.27,207.2,17750.38,7918.0,150
2025-04,Pr,Restaurantes,240,24672.97,320.97,325.83,24677.83,12596.0,158
2025-04,Pr,Roupas,224,33857.6,437.24,436.09,33856.45,18760.0,133
2025-04,Pr,Serviços Públicos,312,38413.37,483.52,484.13,38413.98,19611.0,176
2025-04,Pr,Streaming,325,11404.33,145.17,134.23,11393.39,5438.0,184
2025-04,Pr,Supermercado,227,45510.08,567.34,623.02,45565.76,25810.0,151
2025-04,Pr,Telefonia,332,19788.66,241.79,222.21,19769.08,9260.0,185
2025-04,Rio De Janeiro,Eletrônicos,244,151958.83,1896.55,1973.56,152035.84,79369.0,160
2025-04,Rio De Janeiro,Farmácia,218,17741.670000000002,225.89,244.72,17760.5,10001.0,141
2025-04,Rio De Janeiro,Restaurantes,235,22874.51,300.13,275.66,22850.04,10455.0,155
2025-04,Rio De Janeiro,Roupas,228,35316.62,440.09,343.03000000000003,35219.56,16321.0,148
2025-04,Rio De Janeiro,Serviços Públicos,317,38839.72,502.71,487.36,38824.37,21911.0,184
2025-04,Rio De Janeiro,Streaming,316,11283.52,139.82,141.06,11284.76,5579.0,174
2025-04,Rio De Janeiro,Supermercado,241,47622.55,595.83,590.38,47617.1,25248.0,155
2025-04,Rio De Janeiro,Telefonia,308,18250.18,220.89,198.4,18227.69,8952.0,168
2025-04,Rio Grande Do Sul,Eletrônicos,246,140369.65,1779.66,1662.39,140252.38,75279.0,159
2025-04,Rio Grande Do Sul,Farmácia,213,16993.64,213.28,195.16,16975.52,7955.0,147
2025-04,Rio Grande Do Sul,Restaurantes,217,20924.88,252.99,256.71,20928.6,10653.0,148
2025-04,Rio Grande Do Sul,Roupas,234,34857.74,421.11,402.12,34838.75,17111.0,149
2025-04,Rio Grande Do Sul,Serviços Públicos,292,34901.88,441.15,444.56,34905.29,18967.0,170
2025-04,Rio Grande Do Sul,Streaming,360,12701.49,155.6,172.16,12718.05,7277.0,188
2025-04,Rio Grande Do Sul,Supermercado,232,47114.76,601.18,619.97,47133.55,25842.0,154
2025-04,Rio Grande Do Sul,Telefonia,302,18044.89,221.78,226.77,18049.88,9171.0,169
2025-04,Rj,Eletrônicos,242,150948.82,1969.02,1529.6,150509.4,60635.0,160
2025-04,Rj,Farmácia,278,22531.68,278.43,289.26,22542.510000000002,12600.0,177
2025-04,Rj,Restaurantes,250,24912.4,299.16,291.86,24905.1,11628.0,159
2025-04,Rj,Roupas,243,37296.41,481.59,360.91,37175.73,15149.0,160
2025-04,Rj,Serviços Públicos,349,42786.95,541.45,492.6,42738.1,21416.0,199
2025-04,Rj,Streaming,332,11629.54,144.47,144.97,11630.039999999999,5912.0,188
2025-04,Rj,Supermercado,248,48853.36,615.48,580.36,48818.24,24432.0,168
2025-04,Rj,Telefonia,371,22481.0,276.95,299.93,22503.98,11496.0,213
2025-04,Rs,Eletrônicos,256,154805.06,1876.61,1898.68,154827.13,82344.0,162
2025-04,Rs,Farmácia,260,21829.65,275.25,297.21,21851.61,11622.0,152
2025-04,Rs,Restaurantes,268,27623.17,346.79,351.41,27627.79,14421.0,167
2025-04,Rs,Roupas,237,35428.93,430.79,428.22,35426.36,16378.0,160
2025-04,Rs,Serviços Públicos,351,41317.11,514.1899999999999,522.86,41325.78,20359.0,194
2025-04,Rs,Streaming,344,12038.55,150.59,154.71,12042.67,6213.0,188
2025-04,Rs,Supermercado,237,47321.18,597.37,502.09,47225.9,22339.0,164
2025-04,Rs,Telefonia,331,19972.829999999998,247.65,258.93,19984.11,10245.0,180
2025-04,Sp,Eletrônicos,235,140036.53,1769.61,1721.28,139988.2,68991.0,160
2025-04,Sp,Farmácia,225,17628.94,217.26,196.55,17608.23,8217.0,149
2025-04,Sp,Restaurantes,251,25894.66,321.02,304.85,25878.49,12429.0,155
2025-04,Sp,Roupas,254,37051.17,470.84,456.29,37036.62,17621.0,164
2025-04,Sp,Serviços Públicos,367,44155.03,553.17,531.04,44132.9,22059.0,198
2025-04,Sp,Streaming,354,12560.12,159.19,153.38,12554.31,6301.0,197
2025-04,Sp,Supermercado,265,50859.31,631.83,597.99,50825.47,25543.0,170
2025-04,Sp,Telefonia,305,17963.78,224.6,210.09,17949.27,8792.0,177
2025-04,São Paulo,Eletrônicos,246,144636.5,1746.52,1868.3,144758.28,78284.0,161
2025-04,São Paulo,Farmácia,215,17566.21,211.79,193.24,17547.66,8794.0,153
2025-04,São Paulo,Restaurantes,259,25888.06,318.45,309.89,25879.5,12535.0,161
2025-04,São Paulo,Roupas,250,36784.55,440.17,373.44,36717.82,16201.0,165
2025-04,São Paulo,Serviços Públicos,381,45546.8,577.82,615.55,45584.53,24431.0,192
2025-04,São Paulo,Streaming,368,12989.28,160.25,173.59,13002.62,6867.0,193
2025-04,São Paulo,Supermercado,290,59343.82,728.93,795.98,59410.87,32001.0,175
2025-04,São Paulo,Telefonia,349,21429.68,266.83,277.95,21440.8,12150.0,192
2025-05,Ba,Eletrônicos,259,151201.72,1961.91,1755.0,150994.81,68613.0,156
2025-05,Ba,Farmácia,254,19976.61,254.27,202.59,19924.93,8740.0,147
2025-05,Ba,Restaurantes,249,23912.74,287.12,278.63,23904.25,12479.0,153
2025-05,Ba,Roupas,286,43870.25,531.48,520.25,43859.02,20912.0,163
2025-05,Ba,Serviços Públicos,318,38041.9,480.65,419.75,37981.0,17817.0,168
2025-05,Ba,Streaming,322,11427.15,143.98,156.6,11439.77,6510.0,170
2025-05,Ba,Supermercado,231,47511.22,584.86,479.14,47405.5,20212.0,147
2025-05,Ba,Telefonia,316,19419.66,235.1,233.56,19418.12,9515.0,167
2025-05,Bahia,Eletrônicos,232,147809.76,1800.8,1700.89,147709.85,71615.0,149
2025-05,Bahia,Farmácia,267,21282.44,257.21,255.84,21281.07,11119.0,150
2025-05,Bahia,Restaurantes,212,20691.16,256.65,208.8,20643.31,8786.0,146
2025-05,Bahia,Roupas,213,32451.96,414.39,431.81,32469.38,16311.0,132
2025-05,Bahia,Serviços Públicos,342,41909.79,530.69,483.32,41862.42,19938.0,171
2025-05,Bahia,Streaming,322,11237.52,141.42,133.99,11230.09,5410.0,173
2025-05,Bahia,Supermercado,225,46353.71,600.47,561.11,46314.35,22677.0,151
2025-05,Bahia,Telefonia,329,19943.89,258.67,194.9,19880.12,8193.0,169
2025-05,Ce,Eletrônicos,265,149099.84,1903.89,1867.46,149063.41,77099.0,160
2025-05,Ce,Farmácia,263,21836.77,268.63,229.38,21797.52,9404.0,160
2025-05,Ce,Restaurantes,264,27783.74,345.0,305.89,27744.63,13673.0,169
2025-05,Ce,Roupas,275,42349.9,526.73,492.99,42316.159999999996,21558.0,171
2025-05,Ce,Serviços Públicos,377,44921.44,549.05,581.91,44954.3,23631.0,197
2025-05,Ce,Streaming,388,13414.53,165.99,160.59,13409.13,6402.0,204
2025-05,Ce,Supermercado,277,56933.25,708.26,714.34,56939.33,28853.0,168
2025-05,Ce,Telefonia,382,22436.41,283.01,244.92000000000002,22398.32,10187.0,193
2025-05,Ceará,Eletrônicos,287,166503.8,2129.21,2275.59,166650.18,90192.0,177
2025-05,Ceará,Farmácia,276,22278.41,276.44,253.69,22255.66,10534.0,163
2025-05,Ceará,Restaurantes,301,30622.69,373.78,388.91,30637.82,15691.0,183
2025-05,Ceará,Roupas,258,37902.75,471.17,453.09,37884.67,18368.0,169
2025-05,Ceará,Serviços Públicos,342,39911.31,487.51,479.67,39903.47,19260.0,187
2025-05,Ceará,Streaming,339,11885.08,149.21,127.16,11863.03,5112.0,192
2025-05,Ceará,Supermercado,272,53400.59,648.58,665.26,53417.27,24967.0,172
2025-05,Ceará,Telefonia,354,21238.85,269.12,243.85999999999999,21213.59,10033.0,189
2025-05,Df,Eletrônicos,266,166462.1,2094.34,1848.59,166216.35,81412.0,162
2025-05,Df,Farmácia,244,20041.79,259.23,237.16,20019.72,9926.0,152
2025-05,Df,Restaurantes,243,24232.22,296.08,312.93,24249.07,12781.0,159
2025-05,Df,Roupas,231,35105.75,424.87,466.32,35147.2,19943.0,144
2025-05,Df,Serviços Públicos,320,38341.52,468.47,448.25,38321.3,19279.0,168
2025-05,Df,Streaming,351,12253.75,156.23,157.44,12254.96,6451.0,177
2025-05,Df,Supermercado,235,46568.9,577.77,561.6,46552.73,22384.0,146
2025-05,Df,Telefonia,332,19949.29,246.11,228.75,19931.93,9553.0,182
2025-05,Distrito Federal,Eletrônicos,255,152263.45,1924.54,2042.51,152381.42,86048.0,159
2025-05,Distrito Federal,Farmácia,255,20923.56,253.93,225.6,20895.23,9624.0,166
2025-05,Distrito Federal,Restaurantes,254,25595.74,331.29,283.82,25548.27,11661.0,165
2025-05,Distrito Federal,Roupas,276,40631.97,512.81,472.88,40592.04,20257.0,172
2025-05,Distrito Federal,Serviços Públicos,358,42674.69,531.64,499.0,42642.05,20331.0,200
2025-05,Distrito Federal,Streaming,359,12313.7,157.33,154.94,12311.31,6488.0,188
2025-05,Distrito Federal,Supermercado,244,48297.07,607.47,573.8,48263.4,21746.0,159
2025-05,Distrito Federal,Telefonia,368,22093.29,264.56,286.12,22114.85,11154.0,196
2025-05,Mg,Eletrônicos,268,160392.49,2002.78,2074.9,160464.61,85581.0,162
2025-05,Mg,Farmácia,247,19011.74,231.62,261.01,19041.13,10572.0,163
2025-05,Mg,Restaurantes,260,26694.5,337.55,395.53,26752.48,15682.0,156
2025-05,Mg,Roupas,221,34696.52,430.81,458.5,34724.21,18244.0,150
2025-05,Mg,Serviços Públicos,294,36218.72,456.22,465.44,36227.94,19389.0,167
2025-05,Mg,Streaming,337,11744.33,153.17,140.45,11731.61,5669.0,183
2025-05,Mg,Supermercado,246,51547.74,659.16,624.14,51512.72,26203.0,157
2025-05,Mg,Telefonia,326,19835.43,247.66,246.75,19834.52,10530.0,173
2025-05,Minas Gerais,Eletrônicos,242,142099.81,1786.85,1848.84,142161.8,73662.0,160
2025-05,Minas Gerais,Farmácia,256,20336.66,242.94,232.51,20326.23,9875.0,159
2025-05,Minas Gerais,Restaurantes,268,26530.75,329.81,368.59,26569.53,14865.0,157
2025-05,Minas Gerais,Roupas,258,37096.66,459.63,465.28,37102.31,17339.0,163
2025-05,Minas Gerais,Serviços Públicos,327,40349.23,515.17,485.64,40319.7,21215.0,182
2025-05,Minas Gerais,Streaming,292,10256.35,127.03,124.14999999999999,10253.47,5021.0,161
2025-05,Minas Gerais,Supermercado,263,52427.24,658.78,709.52,52477.98,26794.0,162
2025-05,Minas Gerais,Telefonia,335,20198.15,246.96,221.28,20172.47,9607.0,181
2025-05,Paraná,Eletrônicos,229,136722.72,1722.27,1748.35,136748.8,73306.0,153
2025-05,Paraná,Farmácia,229,17698.57,212.46,218.24,17704.35,8517.0,145
2025-05,Paraná,Restaurantes,255,25687.920000000002,328.22,295.29,25654.99,11838.0,168
2025-05,Paraná,Roupas,249,37116.46,460.53,359.06,37014.99,16231.0,152
2025-05,Paraná,Serviços Públicos,342,40837.61,526.14,523.49,40834.96,21728.0,177
2025-05,Paraná,Streaming,333,11689.82,144.56,145.68,11690.94,5911.0,173
2025-05,Paraná,Supermercado,223,44500.66,559.39,595.87,44537.14,26357.0,143
2025-05,Paraná,Telefonia,335,20334.36,249.58,228.32,20313.1,9880.0,170
2025-05,Pe,Eletrônicos,278,163840.02,2005.22,1682.02,163516.82,73737.0,173
2025-05,Pe,Farmácia,274,22280.37,278.85,243.8,22245.32,10141.0,175
2025-05,Pe,Restaurantes,276,27457.88,335.9,269.06,27391.04,12165.0,181
2025-05,Pe,Roupas,249,38335.86,479.37,367.52,38224.01,14391.0,167
2025-05,Pe,Serviços Públicos,384,45239.18,562.85,566.88,45243.21,24627.0,200
2025-05,Pe,Streaming,416,14632.08,184.62,169.23,14616.69,6870.0,216
2025-05,Pe,Supermercado,267,52927.44,650.74,653.96,52930.659999999996,25429.0,172
2025-05,Pe,Telefonia,351,21368.44,271.31,248.57,21345.7,10024.0,207
2025-05,Pernambuco,Eletrônicos,266,155000.84,1985.43,1810.76,154826.17,71756.0,161
2025-05,Pernambuco,Farmácia,261,21940.71,269.04,292.2,21963.87,12296.0,162
2025-05,Pernambuco,Restaurantes,261,25978.74,318.86,337.74,25997.62,13732.0,169
2025-05,Pernambuco,Roupas,239,35139.04,444.07,421.49,35116.46,16865.0,143
2025-05,Pernambuco,Serviços Públicos,347,41698.05,528.97,456.74,41625.82,18959.0,182
2025-05,Pernambuco,Streaming,353,12377.75,153.48,148.15,12372.42,5967.0,192
2025-05,Pernambuco,Supermercado,268,53068.39,656.9,623.42,53034.909999999996,26455.0,171
2025-05,Pernambuco,Telefonia,339,20188.57,256.49,241.29,20173.37,10116.0,185
2025-05,Pr,Eletrônicos,228,131551.2,1685.25,1766.82,131632.77,74787.0,146
2025-05,Pr,Farmácia,229,18299.2,229.78,229.19,18298.61,8329.0,142
2025-05,Pr,Restaurantes,258,24717.3,307.59,316.83,24726.54,13300.0,159
2025-05,Pr,Roupas,237,36371.28,449.16,446.15,36368.27,17829.0,159
2025-05,Pr,Serviços Públicos,310,38139.29,482.69,481.84,38138.44,20007.0,172
2025-05,Pr,Streaming,319,11158.39,140.29,106.26,11124.36,4654.0,188
2025-05,Pr,Supermercado,239,47940.45,604.91,613.21,47948.75,24784.0,156
2025-05,Pr,Telefonia,294,17379.52,219.76,199.52,17359.28,8969.0,175
2025-05,Rio De Janeiro,Eletrônicos,262,159659.49,2026.74,1974.54,159607.29,88958.0,164
2025-05,Rio De Janeiro,Farmácia,232,18937.59,228.81,200.77,18909.55,8708.0,153
2025-05,Rio De Janeiro,Restaurantes,266,26601.34,334.42,336.08,26603.0,13402.0,162
2025-05,Rio De Janeiro,Roupas,259,40355.74,520.4399999999999,462.05,40297.35,19507.0,160
2025-05,Rio De Janeiro,Serviços Públicos,323,38618.68,480.33,439.76,38578.11,17785.0,178
2025-05,Rio De Janeiro,Streaming,319,11134.81,138.32,139.49,11135.98,5324.0,179
2025-05,Rio De Janeiro,Supermercado,250,51960.92,657.35,690.91,51994.48,24448.0,161
2025-05,Rio De Janeiro,Telefonia,320,19322.27,238.25,258.32,19342.34,10985.0,177
2025-05,Rio Grande Do Sul,Eletrônicos,258,149801.98,1857.27,1505.58,149450.29,65600.0,158
2025-05,Rio Grande Do Sul,Farmácia,231,18368.14,223.94,251.52,18395.72,9894.0,148
2025-05,Rio Grande Do Sul,Restaurantes,259,25442.47,325.82,279.18,25395.829999999998,12097.0,157
2025-05,Rio Grande Do Sul,Roupas,227,34580.29,430.18,426.76,34576.87,19190.0,144
2025-05,Rio Grande Do Sul,Serviços Públicos,329,39771.99,494.88,397.59,39674.7,16602.0,186
2025-05,Rio Grande Do Sul,Streaming,347,12128.75,147.92,132.08,12112.91,5468.0,188
2025-05,Rio Grande Do Sul,Supermercado,217,44371.44,573.6,553.12,44350.96,20521.0,137
2025-05,Rio Grande Do Sul,Telefonia,339,20534.68,257.45,256.07,20533.3,10075.0,187
2025-05,Rj,Eletrônicos,283,162678.05,2078.3,2243.33,162843.08,85235.0,172
2025-05,Rj,Farmácia,289,23073.63,292.3,258.17,23039.5,11168.0,178
2025-05,Rj,Restaurantes,290,29264.65,375.96,379.21999999999997,29267.91,14400.0,177
2025-05,Rj,Roupas,306,45120.07,551.6,515.8,45084.270000000004,23317.0,191
2025-05,Rj,Serviços Públicos,369,44217.5,537.19,574.2,44254.51,23502.0,203
2025-05,Rj,Streaming,384,13423.58,165.4,150.77,13408.95,6740.0,201
2025-05,Rj,Supermercado,290,57137.46,725.06,664.84,57077.24,27045.0,166
2025-05,Rj,Telefonia,365,21512.85,262.06,268.27,21519.06,10414.0,205
2025-05,Rs,Eletrônicos,264,158654.99,2009.55,1993.22,158638.66,83451.0,164
2025-05,Rs,Farmácia,237,18049.27,231.19,217.87,18035.95,9032.0,150
2025-05,Rs,Restaurantes,255,26131.52,313.42,308.23,26126.33,12450.0,164
2025-05,Rs,Roupas,256,38409.01,485.43,497.53,38421.11,20919.0,160
2025-05,Rs,Serviços Públicos,317,37222.27,475.52,440.01,37186.76,18762.0,173
2025-05,Rs,Streaming,377,13147.67,165.03,145.22,13127.86,6259.0,201
2025-05,Rs,Supermercado,228,46809.96,592.86,517.12,46734.22,21406.0,154
2025-05,Rs,Telefonia,348,20954.8,256.02,234.23,20933.01,9629.0,193
2025-05,Sp,Eletrônicos,258,157894.49,1968.89,1842.15,157767.75,82644.0,170
2025-05,Sp,Farmácia,256,20806.22,261.0,241.44,20786.66,9952.0,162
2025-05,Sp,Restaurantes,267,25855.170000000002,337.14,280.97,25799.0,11267.0,172
2025-05,Sp,Roupas,260,39675.91,480.73,463.76,39658.94,19364.0,163
2025-05,Sp,Serviços Públicos,419,50060.65,646.48,627.61,50041.78,24874.0,207
2025-05,Sp,Streaming,358,12551.36,155.95,165.84,12561.25,6927.0,197
2025-05,Sp,Supermercado,255,51808.08,656.14,717.42,51869.36,28278.0,159
2025-05,Sp,Telefonia,378,22660.79,289.76,292.13,22663.16,12762.0,198
2025-05,São Paulo,Eletrônicos,258,165967.38,2109.26,1588.32,165446.44,70010.0,162
2025-05,São Paulo,Farmácia,263,20498.16,249.07,270.88,20519.97,11607.0,162
2025-05,São Paulo,Restaurantes,266,26559.93,333.65,302.84,26529.12,12684.0,167
2025-05,São Paulo,Roupas,264,40377.45,504.71,423.15,40295.89,17338.0,161
2025-05,São Paulo,Serviços Públicos,334,41357.41,537.77,536.58,41356.22,22525.0,198
2025-05,São Paulo,Streaming,381,13237.32,170.47,135.95,13202.8,5888.0,190
2025-05,São Paulo,Supermercado,241,49326.06,635.18,683.95,49374.83,28165.0,148
2025-05,São Paulo,Telefonia,394,23495.72,297.61,276.54,23474.65,12357.0,195
2025-06,Ba,Eletrônicos,192,112227.86,1399.7,1175.43,112003.59,52641.0,130
2025-06,Ba,Farmácia,203,15422.47,197.29,182.56,15407.74,6798.0,140
2025-06,Ba,Restaurantes,200,20473.44,262.48,261.66,20472.62,10579.0,132
2025-06,Ba,Roupas,219,32883.34,416.9,466.76,32933.2,19252.0,141
2025-06,Ba,Serviços Públicos,264,31283.75,390.96999999999997,397.07,31289.85,16981.0,156
2025-06,Ba,Streaming,267,9267.42,117.69,109.89,9259.62,4461.0,159
2025-06,Ba,Supermercado,179,35244.86,461.03000000000003,463.2,35247.03,20270.0,127
2025-06,Ba,Telefonia,267,16241.1,195.61,178.79,16224.28,7254.0,162
2025-06,Bahia,Eletrônicos,179,111504.38,1472.34,1121.72,111153.76,51045.0,127
2025-06,Bahia,Farmácia,206,16489.43,210.58,197.56,16476.41,7955.0,145
2025-06,Bahia,Restaurantes,177,17802.36,223.42,177.4,17756.34,8205.0,123
2025-06,Bahia,Roupas,207,31088.26,382.62,403.68,31109.32,16651.0,127
2025-06,Bahia,Serviços Públicos,271,31907.62,410.74,386.85,31883.73,16987.0,160
2025-06,Bahia,Streaming,257,8911.22,109.3,116.05,8917.97,5111.0,160
2025-06,Bahia,Supermercado,195,41887.94,551.95,488.11,41824.1,21653.0,136
2025-06,Bahia,Telefonia,299,17757.87,224.1,202.22,17735.99,8581.0,167
2025-06,Ce,Eletrônicos,210,125057.0,1626.01,1477.0,124907.99,64221.0,155
2025-06,Ce,Farmácia,216,16291.66,199.42,206.81,16299.05,9751.0,146
2025-06,Ce,Restaurantes,210,20368.49,261.08,231.14,20338.55,10408.0,146
2025-06,Ce,Roupas,242,35884.98,454.43,502.29,35932.84,19842.0,158
2025-06,Ce,Serviços Públicos,319,37475.57,465.06,423.44,37433.95,17663.0,192
2025-06,Ce,Streaming,308,10754.53,137.58,127.35,10744.3,5237.0,184
2025-06,Ce,Supermercado,208,44125.24,562.18,577.85,44140.91,22881.0,151
2025-06,Ce,Telefonia,328,19937.84,253.24,275.4,19960.0,11377.0,191
2025-06,Ceará,Eletrônicos,214,130214.65,1555.6200000000001,1752.34,130411.37,70469.0,150
2025-06,Ceará,Farmácia,231,18192.92,219.48,201.97,18175.41,7888.0,158
2025-06,Ceará,Restaurantes,225,23159.58,298.09,274.13,23135.62,10085.0,154
2025-06,Ceará,Roupas,219,32529.64,402.82,309.58,32436.4,13885.0,145
2025-06,Ceará,Serviços Públicos,316,38787.89,476.54,456.27,38767.62,20289.0,189
2025-06,Ceará,Streaming,314,11031.22,141.59,131.69,11021.32,5637.0,186
2025-06,Ceará,Supermercado,249,47855.87,594.23,596.99,47858.63,23485.0,161
2025-06,Ceará,Telefonia,330,19638.16,245.4,278.14,19670.9,10737.0,195
2025-06,Df,Eletrônicos,186,113569.06,1416.42,1238.87,113391.51,54055.0,130
2025-06,Df,Farmácia,219,17368.42,224.16,197.14,17341.4,8197.0,135
2025-06,Df,Restaurantes,189,18378.03,239.39,197.53,18336.17,7532.0,140
2025-06,Df,Roupas,180,27703.99,347.76,333.23,27689.46,14475.0,127
2025-06,Df,Serviços Públicos,255,31358.47,391.27,358.48,31325.68,14961.0,146
2025-06,Df,Streaming,310,10860.55,136.63,127.68,10851.6,5656.0,183
2025-06,Df,Supermercado,185,36259.8,466.31,409.78,36203.27,17853.0,132
2025-06,Df,Telefonia,271,16288.86,210.8,222.96,16301.02,9279.0,164
2025-06,Distrito Federal,Eletrônicos,218,132625.36000000002,1675.9,1421.11,132370.57,61965.0,144
2025-06,Distrito Federal,Farmácia,221,18432.7,235.1,200.19,18397.79,8154.0,152
2025-06,Distrito Federal,Restaurantes,210,21365.55,261.57,246.77,21350.75,10120.0,141
2025-06,Distrito Federal,Roupas,196,30013.99,360.79,423.48,30076.68,16551.0,136
2025-06,Distrito Federal,Serviços Públicos,295,35193.98,445.46,399.48,35148.0,16901.0,169
2025-06,Distrito Federal,Streaming,307,10587.81,133.27,127.26,10581.8,5514.0,178
2025-06,Distrito Federal,Supermercado,241,47688.67,588.37,511.2,47611.5,19369.0,156
2025-06,Distrito Federal,Telefonia,307,18962.75,234.96,200.10999999999999,18927.9,8096.0,187
2025-06,Mg,Eletrônicos,182,105816.69,1233.62,1229.52,105812.59,52115.0,128
2025-06,Mg,Farmácia,217,17539.35,216.82,249.71,17572.24,9313.0,143
2025-06,Mg,Restaurantes,214,20682.86,247.66,263.81,20699.01,10876.0,147
2025-06,Mg,Roupas,182,25321.0,315.75,301.93,25307.18,15570.0,130
2025-06,Mg,Serviços Públicos,278,33297.47,408.69,369.25,33258.03,15493.0,165
2025-06,Mg,Streaming,287,10076.07,125.86,120.37,10070.58,4633.0,171
2025-06,Mg,Supermercado,212,42575.29,530.85,538.97,42583.41,21624.0,140
2025-06,Mg,Telefonia,283,16782.44,207.76,204.95,16779.63,8269.0,164
2025-06,Minas Gerais,Eletrônicos,204,120306.86,1480.46,1352.03,120178.43000000001,57397.0,135
2025-06,Minas Gerais,Farmácia,190,15751.08,198.17,174.71,15727.62,7172.0,135
2025-06,Minas Gerais,Restaurantes,172,17600.79,217.68,215.94,17599.05,8470.0,129
2025-06,Minas Gerais,Roupas,200,29444.35,359.88,337.88,29422.35,14681.0,137
2025-06,Minas Gerais,Serviços Públicos,296,36124.26,466.21,436.56,36094.61,17840.0,168
2025-06,Minas Gerais,Streaming,274,9601.59,121.58,125.56,9605.57,5113.0,165
2025-06,Minas Gerais,Supermercado,177,37009.98,458.02,469.40999999999997,37021.37,18132.0,134
2025-06,Minas Gerais,Telefonia,259,15022.28,185.79,149.46,14985.95,6202.0,159
2025-06,Paraná,Eletrônicos,177,112198.28,1432.74,1198.52,111964.06,56781.0,126
2025-06,Paraná,Farmácia,193,15869.87,195.99,209.85,15883.73,8203.0,138
2025-06,Paraná,Restaurantes,180,17555.54,228.71,243.85,17570.68,9606.0,129
2025-06,Paraná,Roupas,196,29918.55,365.76,330.58,29883.37,15042.0,138
2025-06,Paraná,Serviços Públicos,285,34349.08,423.71,370.91,34296.28,14641.0,165
2025-06,Paraná,Streaming,281,9887.87,122.08,130.11,9895.9,5544.0,169
2025-06,Paraná,Supermercado,207,41098.69,496.72,567.1,41169.07,24467.0,134
2025-06,Paraná,Telefonia,274,16340.460000000001,192.11,180.89000000000001,16329.24,7621.0,162
2025-06,Pe,Eletrônicos,231,143086.51,1836.47,1323.1,142573.14,53923.0,153
2025-06,Pe,Farmácia,225,18503.89,233.48,231.49,18501.9,9798.0,152
2025-06,Pe,Restaurantes,244,23504.88,297.15,281.75,23489.48,12133.0,164
2025-06,Pe,Roupas,256,38049.37,471.53,465.09,38042.93,18031.0,159
2025-06,Pe,Serviços Públicos,300,36568.28,452.13,481.07,36597.22,18804.0,190
2025-06,Pe,Streaming,322,11289.3,143.21,139.86,11285.95,5702.0,190
2025-06,Pe,Supermercado,232,46204.12,580.57,636.3,46259.85,26426.0,163
2025-06,Pe,Telefonia,307,19457.9,246.64,232.33,19443.59,10572.0,183
2025-06,Pernambuco,Eletrônicos,206,118302.24,1451.91,1494.02,118344.35,58036.0,137
2025-06,Pernambuco,Farmácia,204,16267.22,203.57,204.12,16267.77,8290.0,142
2025-06,Pernambuco,Restaurantes,210,21251.96,260.79,237.39,21228.56,8768.0,144
2025-06,Pernambuco,Roupas,225,32023.44,404.55,383.52,32002.41,16366.0,154
2025-06,Pernambuco,Serviços Públicos,287,34867.33,457.23,384.34,34794.44,15156.0,167
2025-06,Pernambuco,Streaming,315,10989.45,139.99,118.9,10968.36,5001.0,181
2025-06,Pernambuco,Supermercado,221,45006.3,571.47,471.42,44906.25,19457.0,150
2025-06,Pernambuco,Telefonia,305,18496.89,226.8,235.49,18505.58,9152.0,171
2025-06,Pr,Eletrônicos,213,130834.83,1681.5,1361.46,130514.79,55250.0,137
2025-06,Pr,Farmácia,201,15624.62,196.33,154.52,15582.81,6005.0,138
2025-06,Pr,Restaurantes,204,20990.25,265.35,269.26,20994.16,10906.0,141
2025-06,Pr,Roupas,214,31765.19,378.55,490.9,31877.54,17742.0,147
2025-06,Pr,Serviços Públicos,268,32002.4,400.67,371.64,31973.37,15027.0,159
2025-06,Pr,Streaming,287,10094.58,122.99,113.3,10084.89,4659.0,167
2025-06,Pr,Supermercado,187,38955.31,457.0,490.7,38989.01,19414.0,128
2025-06,Pr,Telefonia,279,16832.15,214.0,214.77,16832.92,9004.0,165
2025-06,Rio De Janeiro,Eletrônicos,185,114621.73,1450.73,1519.85,114690.85,53445.0,135
2025-06,Rio De Janeiro,Farmácia,229,18108.43,222.66,230.08,18115.85,10146.0,157
2025-06,Rio De Janeiro,Restaurantes,198,19800.41,250.99,227.2,19776.62,10421.0,141
2025-06,Rio De Janeiro,Roupas,195,29608.84,369.65,394.65,29633.84,15710.0,139
2025-06,Rio De Janeiro,Serviços Públicos,277,33025.13,398.16,349.39,32976.36,13923.0,163
2025-06,Rio De Janeiro,Streaming,268,9223.75,109.73,90.16,9204.18,4103.0,161
2025-06,Rio De Janeiro,Supermercado,194,39224.08,497.61,536.78,39263.25,25224.0,135
2025-06,Rio De Janeiro,Telefonia,298,17711.38,217.62,221.0,17714.76,9002.0,176
2025-06,Rio Grande Do Sul,Eletrônicos,195,115449.04,1508.89,1469.52,115409.67,60630.0,129
2025-06,Rio Grande Do Sul,Farmácia,198,16312.08,204.33,197.92000000000002,16305.67,8669.0,129
2025-06,Rio Grande Do Sul,Restaurantes,228,22427.11,287.07,244.35,22384.39,9844.0,156
2025-06,Rio Grande Do Sul,Roupas,199,29426.829999999998,356.96999999999997,336.28,29406.14,15253.0,135
2025-06,Rio Grande Do Sul,Serviços Públicos,273,32067.73,407.7,377.78,32037.81,15465.0,171
2025-06,Rio Grande Do Sul,Streaming,295,10427.88,126.54,131.54,10432.88,5468.0,180
2025-06,Rio Grande Do Sul,Supermercado,211,42834.46,528.59,538.68,42844.55,21258.0,141
2025-06,Rio Grande Do Sul,Telefonia,282,16939.92,211.54,213.04,16941.42,9350.0,166
2025-06,Rj,Eletrônicos,253,155903.52,2002.79,1507.67,155408.4,67172.0,167
2025-06,Rj,Farmácia,227,18863.41,238.44,231.68,18856.65,9725.0,153
2025-06,Rj,Restaurantes,225,22751.26,277.92,296.8,22770.14,11704.0,153
2025-06,Rj,Roupas,229,34637.9,435.07,381.18,34584.01,16960.0,157
2025-06,Rj,Serviços Públicos,319,38843.95,483.56,528.74,38889.13,22645.0,179
2025-06,Rj,Streaming,322,11159.84,139.79,132.42,11152.47,5608.0,189
2025-06,Rj,Supermercado,228,45842.22,575.34,580.35,45847.23,22897.0,157
2025-06,Rj,Telefonia,277,16930.01,212.18,207.0,16924.83,8859.0,179
2025-06,Rs,Eletrônicos,223,136260.4,1677.78,1391.83,135974.45,62866.0,147
2025-06,Rs,Farmácia,236,18954.71,240.93,246.17,18959.95,11216.0,165
2025-06,Rs,Restaurantes,219,21711.12,281.54,217.38,21646.96,8804.0,155
2025-06,Rs,Roupas,215,33655.46,411.71,397.49,33641.24,16789.0,140
2025-06,Rs,Serviços Públicos,287,33448.58,415.23,360.5,33393.85,15806.0,178
2025-06,Rs,Streaming,272,9586.78,122.49,111.44,9575.73,4435.0,180
2025-06,Rs,Supermercado,205,41429.48,533.53,583.2,41479.15,26397.0,135
2025-06,Rs,Telefonia,302,18429.05,232.76,196.96,18393.25,7966.0,177
2025-06,Sp,Eletrônicos,205,122338.14,1564.74,1486.72,122260.12,68330.0,131
2025-06,Sp,Farmácia,217,17167.3,210.51,180.82,17137.61,8412.0,154
2025-06,Sp,Restaurantes,200,19786.69,250.15,245.51,19782.05,10816.0,132
2025-06,Sp,Roupas,249,35400.06,444.39,536.83,35492.5,20800.0,164
2025-06,Sp,Serviços Públicos,327,39559.04,503.14,525.0,39580.9,21588.0,178
2025-06,Sp,Streaming,289,10148.74,130.37,126.36,10144.73,4999.0,184
2025-06,Sp,Supermercado,233,47426.32,597.51,559.86,47388.67,22626.0,154
2025-06,Sp,Telefonia,323,19563.5,250.77,234.66,19547.39,10667.0,186
2025-06,São Paulo,Eletrônicos,219,132772.31,1744.93,1737.18,132764.56,71823.0,143
2025-06,São Paulo,Farmácia,225,18036.85,222.4,197.04,18011.49,8663.0,154
2025-06,São Paulo,Restaurantes,192,19999.51,257.34,196.34,19938.51,8655.0,141
2025-06,São Paulo,Roupas,228,34437.21,427.19,411.53,34421.55,18496.0,157
2025-06,São Paulo,Serviços Públicos,290,33735.340000000004,423.31,401.32,33713.35,17177.0,175
2025-06,São Paulo,Streaming,268,9283.66,113.1,117.83,9288.39,4964.0,169
2025-06,São Paulo,Supermercado,207,41145.42,533.53,396.46,41008.35,18006.0,131
2025-06,São Paulo,Telefonia,295,17293.52,221.46,178.46,17250.52,7102.0,185
